{"cameraMode":{"drawMode":0,"name":"Shaded","section":"Shading Mode"},"sceneLighting":false,"audioPlay":false,"sceneViewState":{"showFog":true,"showMaterialUpdate":false,"showSkybox":false,"showFlares":true,"showImageEffects":true,"showParticleSystems":true},"in2DMode":false,"pivot":{"x":0.05000000447034836,"y":-0.03999999165534973,"z":-1.6500000953674317},"rotation":{"x":-0.25306153297424319,"y":-0.4371006488800049,"z":0.12963227927684785,"w":-0.8532868027687073},"size":1.4289419651031495,"orthographic":false}